Max_Tem,Avg_Tem,Avg_S_Pressure,Avg_Visibility,Max_Wind,Max_SWind,Avg_Wind,Sum_Rain,heat_wave_strength,week_index,Avg_humudity,Week_ending
84.9,70.57142857142857,19.357142857142858,9.442857142857141,25.1,15.9,7.971428571428571,0.46,0,1,2.6211933325153147,2014-01-11
84.0,66.7,17.8,9.914285714285715,999.9,15.0,5.057142857142857,0.3,0,2,2.3233625202010764,2014-01-18
75.9,61.642857142857146,20.142857142857142,9.857142857142858,999.9,12.0,4.942857142857143,0.18,0,3,2.185572322434201,2014-01-25
82.0,71.28571428571429,16.528571428571432,9.1,999.9,14.0,4.3,0.9700000000000001,0,4,2.6913482889659415,2014-02-01
84.0,76.55714285714286,17.6,9.742857142857144,20.0,13.0,6.3,0.01,0,5,2.693352065856,2014-02-08
84.0,70.48571428571428,14.814285714285715,9.685714285714285,999.9,29.9,5.285714285714286,0.93,0,6,2.4669571416085367,2014-02-15
84.9,72.77142857142857,19.314285714285713,10.0,999.9,15.0,6.514285714285714,0.0,0,7,2.435733620797385,2014-02-22
86.0,74.14285714285714,14.471428571428572,9.571428571428571,999.9,13.0,5.014285714285714,0.18000000000000002,0,8,2.5403061078798905,2014-03-01
86.0,72.92857142857143,15.37142857142857,9.942857142857141,999.9,20.0,6.757142857142857,0.51,0,9,2.423341977388487,2014-03-08
87.1,72.08571428571429,16.514285714285716,10.0,999.9,18.1,6.728571428571429,0.01,0,10,2.3285747086311295,2014-03-15
88.0,75.77142857142857,13.714285714285714,9.828571428571427,999.9,17.1,8.071428571428571,0.2,0,11,2.4967587209070414,2014-03-22
90.0,73.60000000000001,17.342857142857145,9.828571428571427,29.9,20.0,8.685714285714287,1.6400000000000001,0,12,2.393688806918829,2014-03-29
84.0,73.84285714285714,17.685714285714287,9.957142857142857,22.9,15.0,7.300000000000002,0.28,0,13,2.3036327104758136,2014-04-05
90.0,75.92857142857143,16.414285714285715,9.87142857142857,999.9,21.0,8.671428571428573,0.22,0,14,2.3654365992176443,2014-04-12
89.1,78.62857142857142,14.814285714285713,9.814285714285715,25.1,17.1,8.828571428571431,0.87,0,15,2.6347169724757733,2014-04-19
89.1,75.58571428571429,13.785714285714286,9.971428571428572,999.9,12.0,5.642857142857143,0.09,0,16,2.415647774067487,2014-04-26
90.0,81.61428571428573,14.1,10.0,26.0,17.1,8.585714285714285,0.0,0,17,2.547913097858591,2014-05-03
90.0,79.6857142857143,17.385714285714283,10.0,25.1,19.0,10.157142857142857,0.29,0,18,2.3550857101202993,2014-05-10
88.0,79.10000000000001,16.214285714285715,9.657142857142857,29.9,21.0,10.471428571428573,2.94,0,19,2.5373404982289345,2014-05-17
91.9,79.04285714285716,18.414285714285715,10.0,999.9,18.1,8.585714285714285,0.0,0,20,2.306951218610046,2014-05-24
91.0,81.45714285714287,16.7,10.0,22.0,17.1,7.328571428571428,0.11,0,21,2.573051237227179,2014-05-31
91.9,80.25714285714287,14.442857142857141,9.914285714285715,999.9,17.1,7.328571428571429,0.8699999999999999,0,22,2.572218733567163,2014-06-07
91.9,79.67142857142858,15.128571428571428,9.285714285714286,29.9,22.9,4.514285714285714,5.43,0,23,2.682844829114869,2014-06-14
91.0,80.28571428571429,17.7,9.742857142857144,41.0,32.1,6.028571428571428,6.13,0,24,2.6573780543830345,2014-06-21
91.9,82.37142857142855,17.342857142857145,9.771428571428572,999.9,20.0,4.0285714285714285,3.3299999999999996,0,25,2.64917206459146,2014-06-28
93.0,82.41428571428571,16.042857142857144,9.242857142857144,999.9,22.9,5.242857142857143,5.0200000000000005,0,26,2.6828292493206662,2014-07-05
91.9,82.02857142857142,18.17142857142857,9.9,22.9,15.9,4.685714285714286,2.85,0,27,2.7066000796595735,2014-07-12
95.0,82.67142857142858,16.228571428571428,9.77142857142857,999.9,33.0,4.485714285714286,1.7899999999999998,0,28,2.6742727175511347,2014-07-19
91.9,83.14285714285714,16.7,9.700000000000001,999.9,19.0,3.6285714285714286,3.4999999999999996,0,29,2.7142698650802695,2014-07-26
95.0,84.12857142857145,15.185714285714285,9.771428571428572,999.9,15.0,4.2,1.9100000000000001,1,30,2.629377624715547,2014-08-02
93.9,82.55714285714286,15.12857142857143,9.814285714285715,999.9,13.0,3.6285714285714277,3.71,0,31,2.702258297490182,2014-08-09
93.0,83.58571428571429,16.21428571428571,9.771428571428572,25.1,15.9,3.8857142857142857,1.77,0,32,2.651182172357566,2014-08-16
93.9,85.25714285714285,16.285714285714285,9.828571428571427,999.9,13.0,4.6000000000000005,1.7,0,33,2.603945829997077,2014-08-23
93.9,85.25714285714285,12.0,9.9,999.9,17.1,6.857142857142857,1.9,1,34,2.5966798673418636,2014-08-30
91.9,83.87142857142855,16.657142857142855,9.885714285714286,999.9,19.0,6.671428571428572,1.11,2,35,2.6317538994483316,2014-09-06
90.0,81.51428571428572,14.785714285714288,9.771428571428572,999.9,15.9,6.128571428571429,2.33,0,36,2.677069907687148,2014-09-13
91.9,81.52857142857144,15.014285714285714,9.742857142857144,999.9,17.1,4.142857142857143,1.73,0,37,2.687356859649703,2014-09-20
90.0,80.57142857142857,14.514285714285714,9.87142857142857,999.9,15.0,4.6,1.3900000000000001,0,38,2.741728295967774,2014-09-27
93.9,83.07142857142857,12.657142857142858,9.87142857142857,999.9,17.1,4.771428571428571,1.28,0,39,2.690226985053829,2014-10-04
91.0,80.71428571428571,15.157142857142857,9.957142857142857,999.9,15.0,6.3428571428571425,0.060000000000000005,0,40,2.5226772614996102,2014-10-11
89.6,80.12857142857142,14.042857142857144,9.942857142857141,999.9,21.0,6.814285714285714,1.47,0,41,2.5196350827204244,2014-10-18
86.0,76.87142857142858,12.5,9.771428571428572,999.9,14.0,5.071428571428571,1.2000000000000002,0,42,2.6300483040906797,2014-10-25
87.1,76.39999999999999,14.271428571428572,10.0,999.9,14.0,5.857142857142856,0.0,0,43,2.3451470917153623,2014-11-01
84.0,71.91428571428571,18.27142857142857,9.942857142857141,999.9,17.1,6.842857142857143,0.15,0,44,2.2480306541627364,2014-11-08
84.0,72.45714285714287,13.77142857142857,9.542857142857143,999.9,9.9,4.6000000000000005,1.8,0,45,2.4987091055551427,2014-11-15
87.1,72.12857142857142,18.67142857142857,8.942857142857141,999.9,20.0,8.714285714285714,0.69,0,46,2.6377878296226744,2014-11-22
88.0,72.1,17.757142857142856,9.62857142857143,26.0,19.0,8.7,0.02,0,47,2.474642913012882,2014-11-29
82.0,75.08571428571429,19.985714285714288,9.799999999999999,999.9,18.1,8.785714285714285,0.8800000000000001,0,48,2.4964840123936365,2014-12-06
81.0,64.12857142857142,18.085714285714285,9.9,999.9,12.0,5.057142857142858,0.0,0,49,2.2897914210162207,2014-12-13
80.1,68.2,18.41428571428571,10.0,999.9,11.1,3.4285714285714284,0.0,0,50,2.2363196076337957,2014-12-20
84.0,73.92857142857143,16.75714285714286,9.599999999999998,999.9,15.9,5.457142857142856,0.44,0,51,2.668626487577175,2014-12-27
82.9,75.81428571428572,20.185714285714283,9.714285714285714,999.9,14.0,5.185714285714285,0.01,0,52,2.6807393134790165,2015-01-03
84.0,72.98571428571428,22.37142857142857,9.685714285714285,999.9,14.0,6.3,0.03,0,53,2.5143680332742693,2015-01-10
80.1,71.70000000000002,18.571428571428573,9.357142857142858,999.9,19.0,7.114285714285714,0.88,0,54,2.6100127205223638,2015-01-17
82.0,71.74285714285715,17.285714285714285,9.971428571428572,999.9,18.1,6.2,0.0,0,55,2.41239016512523,2015-01-24
78.1,63.22857142857142,18.242857142857144,10.0,999.9,17.1,6.485714285714286,0.03,0,56,2.0835263281188174,2015-01-31
84.9,69.7,18.328571428571426,9.842857142857143,999.9,22.0,8.442857142857145,0.63,0,57,2.3613390790265476,2015-02-07
79.0,65.60000000000001,15.171428571428569,9.928571428571429,999.9,18.1,6.271428571428571,0.04,0,58,2.224984629747493,2015-02-14
82.9,62.91428571428571,20.1,9.871428571428572,27.0,18.1,7.542857142857143,0.67,0,59,2.077929285128659,2015-02-21
87.1,74.57142857142857,17.157142857142855,9.428571428571429,999.9,20.0,7.3,0.48,0,60,2.6016629392694974,2015-02-28
84.9,76.25714285714285,21.085714285714285,9.814285714285715,22.9,15.9,8.6,1.51,0,61,2.5621299590851945,2015-03-07
87.1,77.5,19.82857142857143,9.885714285714284,999.9,19.0,11.442857142857145,0.6100000000000001,0,62,2.538905075474666,2015-03-14
87.1,76.45714285714287,17.0,9.914285714285715,999.9,12.0,5.1571428571428575,0.07,0,63,2.5009479836641115,2015-03-21
91.0,76.98571428571428,15.171428571428573,9.714285714285714,999.9,19.0,6.685714285714286,0.36,0,64,2.4302913476137618,2015-03-28
84.9,72.78571428571429,20.357142857142858,10.0,999.9,14.0,5.8,0.0,0,65,2.1833615318109034,2015-04-04
86.0,78.57142857142857,18.357142857142858,10.0,999.9,15.0,9.214285714285714,0.14,0,66,2.495124057950801,2015-04-11
90.0,80.84285714285713,17.27142857142857,9.971428571428572,21.0,15.0,8.157142857142857,0.21000000000000002,0,67,2.5347598696288327,2015-04-18
91.9,80.68571428571428,13.214285714285714,9.757142857142856,999.9,18.1,5.542857142857143,1.0499999999999998,0,68,2.611523946918625,2015-04-25
96.1,79.11428571428571,9.185714285714285,9.585714285714285,24.1,19.0,7.171428571428572,2.6799999999999997,0,69,2.492964582154912,2015-05-02
89.1,77.01428571428572,16.742857142857144,9.914285714285715,999.9,15.9,7.07142857142857,0.65,0,70,2.380027971947718,2015-05-09
89.1,81.97142857142856,18.67142857142857,9.942857142857141,999.9,17.1,9.585714285714285,0.26,0,71,2.5197078044462407,2015-05-16
93.9,81.65714285714286,17.5,9.842857142857143,28.9,15.9,7.357142857142857,0.13,0,72,2.4653287799145738,2015-05-23
90.0,82.02857142857142,18.271428571428572,9.985714285714286,26.0,17.1,10.914285714285716,0.58,0,73,2.420099706310979,2015-05-30
88.0,80.35714285714285,14.071428571428571,9.914285714285715,999.9,14.0,5.828571428571429,1.29,0,74,2.582836881556607,2015-06-06
90.0,81.65714285714286,15.771428571428572,9.885714285714286,999.9,19.0,7.442857142857143,1.8900000000000001,0,75,2.6192533966903353,2015-06-13
91.9,84.22857142857143,17.71428571428571,9.885714285714284,999.9,18.1,7.971428571428571,0.18,0,76,2.5739014420264854,2015-06-20
91.9,85.02857142857144,18.285714285714285,9.914285714285715,999.9,15.9,6.485714285714287,0.86,0,77,2.54631696570526,2015-06-27
95.0,84.08571428571429,17.942857142857143,9.742857142857144,31.1,21.0,5.728571428571429,1.01,0,78,2.559288531775514,2015-07-04
91.9,85.12857142857145,19.085714285714285,9.799999999999999,24.1,15.9,8.3,1.22,0,79,2.486295689295442,2015-07-11
93.0,82.87142857142858,15.714285714285714,9.971428571428572,999.9,19.0,4.557142857142857,0.94,0,80,2.5584761470924695,2015-07-18
95.0,83.68571428571428,15.385714285714286,9.771428571428572,27.0,17.1,4.528571428571428,0.6500000000000001,0,81,2.597104756324852,2015-07-25
96.1,83.61428571428573,14.671428571428569,9.771428571428572,45.1,26.0,5.471428571428572,3.3099999999999996,0,82,2.568090306824186,2015-08-01
93.0,84.65714285714286,15.242857142857142,9.942857142857141,999.9,12.0,4.728571428571429,0.04,1,83,2.5512413822872757,2015-08-08
93.9,83.34285714285714,14.414285714285715,9.814285714285715,999.9,15.9,3.471428571428572,4.03,0,84,2.6120506188506494,2015-08-15
93.0,85.37142857142858,15.400000000000002,9.957142857142857,999.9,15.9,5.985714285714286,0.5800000000000001,1,85,2.6799324458912688,2015-08-22
93.0,83.9857142857143,13.357142857142858,9.9,999.9,15.9,4.871428571428572,1.48,0,86,2.7456012800505065,2015-08-29
93.9,83.42857142857143,14.928571428571429,9.685714285714285,999.9,20.0,4.914285714285714,4.46,0,87,2.7657167654892096,2015-09-05
91.9,83.39999999999999,13.871428571428572,9.77142857142857,999.9,14.0,3.4857142857142853,0.96,0,88,2.802725128730373,2015-09-12
91.9,82.14285714285712,13.0,9.557142857142859,999.9,22.0,5.842857142857143,4.35,0,89,2.7954013666115176,2015-09-19
93.0,81.08571428571429,11.599999999999998,9.785714285714286,999.9,18.1,4.257142857142857,2.61,0,90,2.740707561766165,2015-09-26
91.9,82.58571428571429,6.585714285714286,9.9,999.9,15.0,5.6,0.51,0,91,2.6480010435950816,2015-10-03
90.0,79.9,11.171428571428573,9.914285714285715,999.9,18.1,5.028571428571428,0.76,0,92,2.62190442123354,2015-10-10
90.0,80.08571428571427,13.557142857142855,9.77142857142857,999.9,14.0,4.5,1.81,0,93,2.6693450268317176,2015-10-17
86.0,78.7,16.742857142857144,9.700000000000001,28.0,18.1,9.485714285714284,1.84,0,94,2.523491019875711,2015-10-24
89.1,79.32857142857142,14.185714285714285,9.914285714285715,999.9,15.9,6.642857142857143,0.2,0,95,2.6668934840002083,2015-10-31
88.0,81.17142857142858,16.27142857142857,9.885714285714286,999.9,17.1,8.4,0.6900000000000001,0,96,2.7012635390566837,2015-11-07
89.1,80.3,15.442857142857141,9.742857142857144,999.9,13.0,5.028571428571429,0.54,0,97,2.732250265616261,2015-11-14
86.0,77.94285714285715,15.828571428571427,9.585714285714285,999.9,19.0,8.757142857142856,4.08,0,98,2.773359508751738,2015-11-21
84.9,73.52857142857142,17.942857142857143,9.728571428571428,28.9,19.0,8.642857142857142,2.5500000000000003,0,99,2.499343873849526,2015-11-28
84.0,74.8,15.971428571428573,8.842857142857143,999.9,13.0,5.171428571428572,5.92,0,100,2.8363484769578813,2015-12-05
82.9,74.67142857142858,16.214285714285715,9.6,999.9,15.0,5.328571428571429,3.6599999999999997,0,101,2.73669179469386,2015-12-12
84.9,76.97142857142858,14.62857142857143,9.857142857142858,999.9,18.1,7.214285714285715,0.11,0,102,2.692268845506405,2015-12-19
84.0,77.71428571428571,19.985714285714288,9.87142857142857,26.0,21.0,11.285714285714288,0.49,0,103,2.6841916281361335,2015-12-26
84.0,78.6,18.11428571428571,9.914285714285715,999.9,18.1,8.27142857142857,0.09999999999999999,0,104,2.723128336939166,2016-01-02
84.0,69.58571428571429,14.285714285714286,9.585714285714285,999.9,15.9,5.828571428571428,1.5900000000000003,0,105,2.573133571545017,2016-01-09
84.0,67.75714285714287,15.657142857142857,9.27142857142857,999.9,20.0,6.214285714285714,2.16,0,106,2.5508951179212223,2016-01-16
79.0,64.6,16.67142857142857,9.757142857142856,999.9,24.1,8.428571428571429,1.17,0,107,2.267116607336231,2016-01-23
82.0,65.1,17.52857142857143,9.557142857142859,999.9,15.9,7.142857142857143,2.6399999999999997,0,108,2.3978449240206925,2016-01-30
81.0,71.81428571428572,17.62857142857143,9.599999999999998,999.9,15.9,6.9142857142857155,0.99,0,109,2.619464596342994,2016-02-06
79.0,60.957142857142856,19.95714285714286,9.857142857142858,999.9,13.0,6.157142857142858,0.49,0,110,2.1398206122534495,2016-02-13
80.1,70.11428571428571,19.585714285714285,9.828571428571427,999.9,18.1,8.142857142857142,0.7,0,111,2.262524761408037,2016-02-20
86.0,70.0,17.214285714285715,9.842857142857143,999.9,18.1,8.22857142857143,0.72,0,112,2.314843208008703,2016-02-27
84.9,71.42857142857143,17.985714285714288,9.985714285714286,999.9,15.0,5.328571428571428,0.0,0,113,2.3441963725011283,2016-03-05
84.0,74.17142857142858,20.714285714285715,9.985714285714286,33.0,21.0,12.042857142857143,0.01,0,114,2.308863430857793,2016-03-12
89.1,77.62857142857142,15.22857142857143,9.642857142857142,999.9,17.1,5.585714285714286,0.01,0,115,2.557464120933755,2016-03-19
88.0,74.10000000000001,17.6,9.971428571428572,24.1,17.1,8.82857142857143,0.23,0,116,2.4199007447605583,2016-03-26
91.0,79.04285714285716,15.700000000000003,9.87142857142857,24.1,17.1,7.714285714285714,0.37,0,117,2.670385322957023,2016-04-02
91.0,74.94285714285715,15.942857142857141,9.87142857142857,999.9,20.0,6.171428571428572,0.15000000000000002,0,118,2.34262905345633,2016-04-09
87.1,75.79999999999998,16.67142857142857,9.928571428571429,24.1,18.1,7.542857142857143,0.9,0,119,2.343889663401792,2016-04-16
89.1,75.64285714285714,17.1,10.0,24.1,15.9,9.614285714285714,0.04,0,120,2.2935134342173655,2016-04-23
89.1,78.1,13.642857142857144,10.0,22.0,17.1,8.142857142857142,0.0,0,121,2.398605753288885,2016-04-30
90.0,77.01428571428572,11.942857142857145,9.428571428571429,999.9,15.9,8.2,4.0600000000000005,0,122,2.4053988384472436,2016-05-07
90.0,78.3,17.485714285714288,10.0,999.9,15.9,6.8,0.0,0,123,2.27762855235614,2016-05-14
93.0,80.9857142857143,15.885714285714286,9.799999999999999,999.9,15.9,6.528571428571428,2.44,0,124,2.665798535122323,2016-05-21
93.0,80.51428571428572,15.328571428571431,9.87142857142857,999.9,15.9,6.671428571428572,1.98,0,125,2.470615283980635,2016-05-28
90.0,81.57142857142857,14.942857142857141,9.942857142857145,999.9,15.9,5.457142857142857,0.17,0,126,2.613613296804531,2016-06-04
91.9,82.21428571428571,13.385714285714284,9.671428571428573,26.0,18.1,7.028571428571429,2.6799999999999997,0,127,2.757480434855913,2016-06-11
95.0,83.21428571428571,15.671428571428573,9.842857142857143,999.9,22.9,5.257142857142857,1.6800000000000002,0,128,2.63106659595254,2016-06-18
95.0,82.32857142857142,17.67142857142857,9.785714285714286,999.9,17.1,6.871428571428571,2.1199999999999997,0,129,2.6391250663923578,2016-06-25
91.0,82.38571428571429,16.242857142857144,9.828571428571427,999.9,13.0,4.2714285714285705,3.23,0,130,2.686142990433697,2016-07-02
91.9,85.57142857142857,18.785714285714285,9.971428571428572,999.9,12.0,5.8,0.10999999999999999,1,131,2.638221299579212,2016-07-09
93.0,84.92857142857144,17.642857142857142,9.857142857142858,999.9,22.0,6.857142857142857,1.02,3,132,2.622401374250427,2016-07-16
91.9,84.17142857142856,17.857142857142858,9.87142857142857,999.9,20.0,8.17142857142857,0.92,1,133,2.642993871302792,2016-07-23
93.0,84.41428571428573,16.52857142857143,9.914285714285715,999.9,14.0,6.014285714285714,0.96,0,134,2.625409555063509,2016-07-30
93.0,84.08571428571429,16.214285714285715,9.514285714285714,31.1,18.1,7.299999999999999,5.55,0,135,2.679803227156555,2016-08-06
91.9,82.38571428571429,15.928571428571429,9.857142857142858,24.1,15.9,5.314285714285715,3.9299999999999997,0,136,2.807553891669611,2016-08-13
93.0,84.05714285714286,16.885714285714283,9.828571428571427,999.9,17.1,6.971428571428571,1.2900000000000003,0,137,2.7231766093513614,2016-08-20
93.9,85.71428571428571,15.028571428571428,9.971428571428572,999.9,15.9,6.0,0.44,2,138,2.683353059893246,2016-08-27
93.0,82.62857142857142,13.057142857142855,9.528571428571428,39.0,27.0,8.614285714285714,2.84,0,139,2.8282093932415324,2016-09-03
91.0,82.6857142857143,16.557142857142857,9.871428571428572,999.9,22.0,5.628571428571428,1.2000000000000002,0,140,2.774093642949468,2016-09-10
91.9,83.47142857142858,15.171428571428573,9.971428571428572,999.9,14.0,5.0,0.47000000000000003,0,141,2.7257343724854275,2016-09-17
91.9,82.10000000000001,14.185714285714287,9.785714285714286,999.9,24.1,2.9714285714285715,2.35,0,142,2.7667664918151345,2016-09-24
91.9,81.02857142857144,14.9,9.77142857142857,999.9,17.1,4.2,2.26,0,143,2.7613142719655945,2016-10-01
91.9,83.82857142857142,8.042857142857143,9.757142857142856,999.9,19.0,7.3999999999999995,1.3,0,144,2.686672865862827,2016-10-08
91.9,81.8,14.842857142857143,9.87142857142857,27.0,17.1,8.242857142857144,0.16,0,145,2.4462142602751364,2016-10-15
88.0,79.54285714285716,11.914285714285715,9.62857142857143,999.9,19.0,7.328571428571428,4.31,0,146,2.4949596495805726,2016-10-22
86.0,77.0142857142857,17.585714285714285,9.528571428571428,36.9,22.0,9.557142857142859,2.08,0,147,2.3885484295671984,2016-10-29
84.9,76.84285714285716,16.314285714285713,9.671428571428573,999.9,19.0,7.385714285714285,1.73,0,148,2.5934554972456163,2016-11-05
82.9,74.77142857142857,17.2,9.9,999.9,18.1,5.5,0.49,0,149,2.4168639386168036,2016-11-12
82.0,73.2,15.47142857142857,9.957142857142857,999.9,15.0,4.942857142857143,0.22,0,150,2.380769450710681,2016-11-19
82.0,72.4,18.828571428571426,9.985714285714286,999.9,15.9,6.371428571428572,0.04,0,151,2.2784705803193117,2016-11-26
84.0,75.77142857142857,15.271428571428572,9.657142857142857,999.9,19.0,8.5,0.29,0,152,2.633215424081633,2016-12-03
87.1,75.38571428571429,17.071428571428573,8.828571428571427,999.9,15.0,7.314285714285712,0.93,0,153,2.7362741071600487,2016-12-10
87.1,76.01428571428572,18.62857142857143,9.6,999.9,19.0,6.714285714285714,0.93,0,154,2.6570606010241735,2016-12-17
87.1,77.75714285714285,21.214285714285715,9.442857142857141,999.9,17.1,7.414285714285714,0.2,0,155,2.617390952012981,2016-12-24
84.9,74.89999999999999,20.771428571428572,9.957142857142857,999.9,18.1,7.771428571428572,0.0,0,156,2.36733313445905,2016-12-31
87.1,76.51428571428572,15.85714285714286,9.314285714285715,999.9,18.1,6.714285714285714,0.85,0,157,2.5939805312102386,2017-01-07
82.0,69.47142857142858,26.042857142857144,9.857142857142858,24.1,19.0,9.828571428571427,0.65,0,158,2.2677766997730258,2017-01-14
84.0,74.97142857142856,19.057142857142857,9.971428571428572,999.9,15.9,6.257142857142858,0.04,0,159,2.375206439332333,2017-01-21
87.1,73.14285714285714,12.414285714285715,9.942857142857141,999.9,22.9,7.557142857142858,1.2,0,160,2.3465667189966615,2017-01-28
82.0,67.32857142857144,20.528571428571432,9.714285714285714,999.9,13.0,4.271428571428571,0.66,0,161,2.3015074082896123,2017-02-04
87.1,73.74285714285715,19.242857142857144,9.514285714285714,22.0,13.0,6.3999999999999995,0.0,0,162,2.484387776701267,2017-02-11
84.0,71.08571428571429,16.12857142857143,9.799999999999999,999.9,15.9,5.728571428571429,0.0,0,163,2.4593855882790736,2017-02-18
86.0,71.32857142857144,11.271428571428572,9.171428571428573,999.9,17.1,5.742857142857143,1.3,0,164,2.5910222916851486,2017-02-25
86.0,75.44285714285715,20.342857142857145,9.942857142857141,28.0,19.0,9.042857142857143,0.19,0,165,2.508923345204967,2017-03-04
86.0,72.92857142857143,22.428571428571427,10.0,35.0,21.0,10.200000000000001,0.0,0,166,2.268485679775428,2017-03-11
82.9,68.84285714285714,19.342857142857145,9.857142857142858,25.1,17.1,6.885714285714285,1.73,0,167,2.21362509024342,2017-03-18
85.1,72.02857142857144,20.142857142857142,9.842857142857143,999.9,19.0,7.428571428571429,1.76,0,168,2.2677609808281134,2017-03-25
88.0,76.58571428571429,15.485714285714284,9.942857142857141,22.0,17.1,6.514285714285715,0.43,0,169,2.415976152809704,2017-04-01
91.0,77.38571428571427,15.271428571428572,9.87142857142857,999.9,17.1,8.200000000000001,0.0,0,170,2.410077070770886,2017-04-08
84.0,75.34285714285716,18.914285714285715,9.971428571428572,25.1,20.0,9.771428571428572,0.06,0,171,2.267751177046789,2017-04-15
84.0,77.14285714285714,17.471428571428568,9.985714285714286,26.0,20.0,12.085714285714285,0.02,0,172,2.3447173847809712,2017-04-22
89.1,78.8,11.842857142857142,9.4,999.9,19.0,8.6,2.08,0,173,2.534726634919918,2017-04-29
88.0,80.04285714285713,13.87142857142857,9.928571428571429,26.0,20.0,10.171428571428569,0.61,0,174,2.4800164804695455,2017-05-06
93.0,79.08571428571429,14.928571428571429,9.971428571428572,999.9,15.0,5.414285714285713,0.0,0,175,2.2508005137523677,2017-05-13
93.0,82.5,14.0,9.799999999999999,27.0,20.0,10.728571428571428,1.42,0,176,2.5372841963168002,2017-05-20
95.0,83.35714285714286,14.442857142857141,9.814285714285713,999.9,17.1,7.814285714285714,0.65,0,177,2.572733354288278,2017-05-27
98.1,83.88571428571429,16.500000000000004,9.742857142857144,22.9,15.0,5.828571428571429,5.23,1,178,2.558885194120584,2017-06-03
91.9,80.07142857142857,11.799999999999999,9.514285714285714,999.9,22.9,5.814285714285714,5.709999999999999,0,179,2.76988771573104,2017-06-10
91.0,83.2,15.671428571428569,9.9,999.9,14.0,6.542857142857144,0.58,0,180,2.6663190303622835,2017-06-17
91.0,84.42857142857143,15.185714285714285,9.814285714285715,29.9,21.0,10.200000000000001,1.79,0,181,2.622317008289323,2017-06-24
91.9,85.21428571428571,16.914285714285715,9.971428571428572,999.9,14.0,6.285714285714286,2.67,1,182,2.582585742054753,2017-07-01
93.0,86.38571428571429,18.400000000000002,10.0,999.9,14.0,7.871428571428572,0.02,6,183,2.5465213141623737,2017-07-08
93.0,85.05714285714285,16.900000000000002,9.657142857142857,999.9,22.9,7.657142857142858,7.420000000000001,1,184,2.6175951747915285,2017-07-15
93.0,83.70000000000002,16.642857142857142,9.714285714285714,999.9,17.1,3.9857142857142853,3.62,0,185,2.679388478433925,2017-07-22
93.9,86.14285714285714,15.814285714285715,9.842857142857142,999.9,12.0,4.942857142857143,0.12,5,186,2.612714068207974,2017-07-29
93.9,84.54285714285713,16.38571428571429,9.728571428571428,28.0,17.1,6.571428571428571,1.8599999999999999,2,187,2.6516089924065183,2017-08-05
93.0,85.81428571428572,16.214285714285715,9.857142857142858,999.9,15.9,7.385714285714286,1.34,6,188,2.5661481274135824,2017-08-12
95.0,87.24285714285715,15.342857142857143,9.985714285714286,999.9,13.0,4.542857142857143,0.56,6,189,2.532643463325677,2017-08-19
93.9,82.62857142857142,14.12857142857143,9.385714285714286,999.9,17.1,6.057142857142857,4.24,1,190,2.7291418678303248,2017-08-26
93.9,84.97142857142858,14.242857142857146,9.828571428571427,999.9,18.1,5.3428571428571425,2.31,2,191,2.6529738452801763,2017-09-02
93.9,85.77142857142857,12.614285714285714,9.799999999999999,999.9,29.9,7.5,1.81,1,192,2.7020736510951004,2017-09-09
91.9,84.91428571428573,152.42857142857142,9.414285714285715,999.9,42.9,10.214285714285714,7.51,0,193,2.630388420969329,2017-09-16
93.9,84.05714285714285,11.914285714285713,9.77142857142857,999.9,13.0,4.414285714285714,4.51,0,194,2.6930028210939314,2017-09-23
91.0,83.01428571428572,11.12857142857143,9.828571428571431,999.9,15.0,3.8857142857142857,2.03,0,195,2.77780135417841,2017-09-30
91.0,82.91428571428571,12.957142857142857,9.242857142857144,34.0,24.1,10.6,5.81,0,196,2.8138118982367715,2017-10-07
91.0,83.61428571428571,13.214285714285714,9.828571428571427,999.9,18.1,8.171428571428573,0.56,0,197,2.7214380899178994,2017-10-14
90.0,82.44285714285715,14.771428571428572,9.871428571428572,999.9,17.1,6.242857142857142,1.0899999999999999,0,198,2.6988605355118502,2017-10-21
88.0,77.84285714285714,13.714285714285714,9.6,26.0,18.1,8.557142857142855,3.28,0,199,2.5286991096073916,2017-10-28
86.0,73.61428571428571,14.9,9.742857142857144,999.9,27.0,6.485714285714286,2.51,0,200,2.3488267824979348,2017-11-04
87.1,78.98571428571428,14.814285714285715,9.857142857142858,999.9,14.0,5.371428571428572,0.38,0,201,2.6459623739598612,2017-11-11
87.1,77.0,14.057142857142855,9.514285714285714,999.9,19.0,7.457142857142856,2.49,0,202,2.626851836667325,2017-11-18
84.9,75.57142857142857,12.871428571428572,9.828571428571427,999.9,15.9,4.585714285714286,1.7100000000000002,0,203,2.6176169375100224,2017-11-25
84.0,75.94285714285715,16.657142857142862,9.957142857142857,999.9,15.9,6.500000000000001,0.4,0,204,2.539922710881379,2017-12-02
87.1,76.34285714285716,16.171428571428574,9.757142857142856,999.9,15.9,6.457142857142857,0.04,0,205,2.655222238022143,2017-12-09
81.0,62.057142857142864,19.25714285714286,9.928571428571429,999.9,15.0,4.8428571428571425,0.52,0,206,2.1000352465302807,2017-12-16
84.9,75.25714285714285,20.342857142857138,9.814285714285715,999.9,13.0,4.457142857142857,0.0,0,207,2.6170982755962044,2017-12-23
84.0,72.62857142857143,20.47142857142857,9.328571428571427,999.9,9.9,4.457142857142857,0.09999999999999999,0,208,2.5818776400025074,2017-12-30
80.1,61.057142857142864,19.17142857142857,8.700000000000001,999.9,17.1,6.242857142857143,0.74,0,209,2.2866439022176523,2018-01-06
84.0,71.39999999999999,17.242857142857144,9.957142857142857,999.9,18.1,7.1571428571428575,0.17,0,210,2.632923519969158,2018-01-13
77.0,63.15714285714286,22.642857142857142,9.928571428571429,999.9,13.0,7.057142857142857,0.0,0,211,2.3069341285881433,2018-01-20
84.0,74.21428571428571,20.557142857142857,9.742857142857142,999.9,25.1,10.471428571428573,0.01,0,212,2.527427033523295,2018-01-27
84.0,70.9,19.357142857142858,9.857142857142858,999.9,19.0,8.128571428571428,0.09,0,213,2.406123571320883,2018-02-03
84.0,75.82857142857144,20.62857142857143,9.971428571428572,999.9,17.1,8.657142857142858,0.16,0,214,2.661394144051544,2018-02-10
84.9,76.65714285714286,23.157142857142862,10.0,999.9,17.1,7.871428571428572,0.0,0,215,2.549556031032284,2018-02-17
84.2,76.82857142857142,23.814285714285717,9.799999999999999,32.1,21.0,12.3,0.13,0,216,2.597640346727946,2018-02-24
88.0,75.3142857142857,18.428571428571427,9.642857142857142,19.0,13.0,6.7,0.08,0,217,2.5009901328497266,2018-03-03
82.9,66.75714285714285,16.514285714285716,9.971428571428572,26.0,15.0,6.92857142857143,0.17,0,218,2.1965266849114493,2018-03-10
87.1,68.11428571428573,15.614285714285716,9.971428571428572,27.0,18.1,6.542857142857143,0.02,0,219,2.256078876757052,2018-03-17
89.1,71.6,15.599999999999998,9.9,27.0,20.0,6.928571428571429,0.0,0,220,2.239676147730203,2018-03-24
84.0,73.75714285714285,19.285714285714285,9.971428571428572,33.0,21.0,9.485714285714284,0.0,0,221,2.396392503360406,2018-03-31
88.0,76.1,15.414285714285715,9.971428571428572,999.9,14.0,7.585714285714286,1.02,0,222,2.5659498551786726,2018-04-07
91.0,77.77142857142857,15.857142857142858,9.971428571428572,25.1,19.0,7.699999999999998,0.04,0,223,2.520797147519409,2018-04-14
88.0,74.98571428571428,17.500000000000004,9.942857142857141,999.9,22.0,7.3571428571428585,0.22,0,224,2.4139552141804552,2018-04-21
91.0,76.75714285714287,13.77142857142857,9.799999999999999,27.0,17.1,6.8428571428571425,2.5200000000000005,0,225,2.636906237562532,2018-04-28
86.0,77.57142857142857,17.557142857142857,9.928571428571429,33.0,19.0,9.785714285714286,1.1800000000000002,0,226,2.518027029574455,2018-05-05
88.0,78.8,15.371428571428572,9.942857142857141,28.0,22.0,7.142857142857143,0.9500000000000001,0,227,2.553196859292304,2018-05-12
87.1,76.82857142857142,14.271428571428572,9.585714285714287,999.9,20.0,7.071428571428571,3.4899999999999998,0,228,2.859373972878028,2018-05-19
86.0,77.84285714285716,15.714285714285712,9.085714285714285,999.9,17.1,9.62857142857143,3.7,0,229,2.827945130937604,2018-05-26
89.1,79.54285714285713,12.985714285714286,9.528571428571428,999.9,20.0,8.328571428571427,7.49,0,230,2.8141214450487984,2018-06-02
93.9,82.0,14.985714285714284,9.885714285714286,999.9,17.1,5.985714285714285,1.3800000000000001,0,231,2.7037143523496643,2018-06-09
89.1,80.14285714285714,16.685714285714287,9.87142857142857,999.9,11.1,3.4285714285714284,4.009999999999999,0,232,2.8027489199783155,2018-06-16
93.9,83.15714285714286,15.14285714285714,9.957142857142857,999.9,21.0,4.614285714285714,0.49,0,233,2.708609925456647,2018-06-23
91.9,81.91428571428571,16.857142857142858,9.87142857142857,21.0,15.9,4.1571428571428575,1.5100000000000002,0,234,2.7475366013233615,2018-06-30
91.0,82.75714285714287,16.642857142857142,9.471428571428572,999.9,15.9,4.214285714285714,2.55,0,235,2.681887374254536,2018-07-07
93.0,82.64285714285714,17.728571428571428,9.957142857142856,32.1,20.0,3.928571428571428,0.69,0,236,2.6550216915199996,2018-07-14
93.9,84.47142857142858,16.185714285714287,9.957142857142857,999.9,15.0,4.828571428571428,0.8200000000000001,0,237,2.653978746898473,2018-07-21
93.9,83.34285714285714,14.257142857142858,9.785714285714286,999.9,22.9,5.171428571428571,1.76,0,238,2.7723518078966203,2018-07-28
93.0,82.51428571428572,17.185714285714287,9.885714285714286,26.0,17.1,6.771428571428572,3.7,0,239,2.780928789379,2018-08-04
93.9,83.17142857142858,17.54285714285714,9.771428571428572,999.9,18.1,6.014285714285714,2.42,0,240,2.7160984456134822,2018-08-11
91.0,83.67142857142856,18.071428571428573,10.0,22.0,14.0,6.8,3.25,0,241,2.705604623307888,2018-08-18
91.0,82.9,16.414285714285715,9.857142857142858,999.9,18.1,5.214285714285714,1.81,0,242,2.746450906489111,2018-08-25
90.0,82.37142857142858,17.02857142857143,9.785714285714286,999.9,17.1,7.014285714285713,1.51,0,243,2.779552838807711,2018-09-01
89.1,80.64285714285714,14.757142857142854,9.5,999.9,24.1,7.185714285714285,3.77,0,244,2.825771756987895,2018-09-08
91.9,82.64285714285714,13.200000000000001,9.9,999.9,20.0,3.571428571428572,1.02,0,245,2.77155393545949,2018-09-15
91.0,83.95714285714287,13.742857142857142,9.985714285714286,999.9,13.0,5.428571428571429,102.66,0,246,2.72191109356994,2018-09-22
91.0,84.34285714285714,15.528571428571428,9.985714285714286,999.9,17.1,7.485714285714285,0.12000000000000001,0,247,2.7130889346143254,2018-09-29
90.0,82.70000000000002,15.157142857142855,9.857142857142858,25.1,19.0,9.0,1.4500000000000002,0,248,2.6860441967675164,2018-10-06
90.0,82.5,11.500000000000002,9.814285714285715,999.9,22.0,9.057142857142857,0.01,0,249,2.8020202043141813,2018-10-13
90.0,82.2,16.95714285714286,9.985714285714286,999.9,18.1,8.457142857142857,0.5499999999999999,0,250,2.761769754917021,2018-10-20
91.0,80.01428571428572,13.77142857142857,10.0,999.9,14.0,5.528571428571428,0.02,0,251,2.6306196627949676,2018-10-27
88.0,76.1,16.571428571428573,10.0,22.9,15.9,6.6000000000000005,0.05,0,252,2.5062320986661533,2018-11-03
88.0,79.58571428571429,15.671428571428573,9.914285714285715,999.9,15.0,6.128571428571428,2.09,0,253,2.7358290361626483,2018-11-10
88.0,76.72857142857141,16.057142857142857,9.785714285714286,21.0,14.0,6.914285714285714,1.02,0,254,2.7535597069756577,2018-11-17
84.0,75.95714285714284,16.228571428571428,9.985714285714286,999.9,14.0,5.242857142857143,0.01,0,255,2.682634841792383,2018-11-24
84.9,69.61428571428571,15.6,9.685714285714285,999.9,14.0,6.142857142857143,0.0,0,256,2.4293786580200023,2018-12-01
87.1,73.64285714285714,18.542857142857144,9.771428571428572,999.9,15.9,7.0,0.0,0,257,2.532258269773853,2018-12-08
84.0,70.52857142857144,18.3,9.914285714285715,999.9,17.1,7.757142857142857,0.01,0,258,2.5646146034124127,2018-12-15
82.9,68.21428571428571,15.12857142857143,9.87142857142857,999.9,24.1,6.157142857142857,1.5499999999999998,0,259,2.545990441966216,2018-12-22
82.9,71.8142857142857,20.585714285714285,9.914285714285715,999.9,21.0,8.728571428571428,0.02,0,260,2.561659490525286,2018-12-29
84.0,75.9,18.32857142857143,9.742857142857144,999.9,15.0,8.000000000000002,0.01,0,261,2.7303601718046413,2019-01-05
82.0,67.78571428571429,18.971428571428568,10.0,999.9,17.1,5.628571428571428,0.0,0,262,2.3546824952699787,2019-01-12
80.1,67.54285714285714,19.457142857142856,9.857142857142858,999.9,12.0,5.042857142857143,0.06,0,263,2.491001037180529,2019-01-19
84.0,67.28571428571429,19.0,9.485714285714286,28.0,22.0,10.014285714285714,0.79,0,264,2.535955502450616,2019-01-26
81.0,65.0,16.6,9.657142857142857,999.9,14.0,5.971428571428571,1.2,0,265,2.594184410068693,2019-02-02
82.9,72.24285714285713,18.485714285714288,9.857142857142858,999.9,17.1,5.128571428571428,0.0,0,266,2.583836721388051,2019-02-09
82.0,72.17142857142856,16.87142857142857,9.77142857142857,999.9,20.0,7.842857142857142,0.99,0,267,2.674537099187116,2019-02-16
84.9,77.77142857142857,18.22857142857143,9.957142857142857,999.9,19.0,9.3,0.37,0,268,2.759282476872611,2019-02-23
84.9,76.17142857142856,19.099999999999998,9.785714285714286,999.9,15.9,6.257142857142857,0.18,0,269,2.6709068040737667,2019-03-02
89.1,72.5142857142857,18.428571428571423,9.9,22.9,17.1,7.714285714285714,0.01,0,270,2.4701381693069893,2019-03-09
86.0,76.77142857142859,18.885714285714283,9.942857142857141,999.9,17.1,9.014285714285714,0.0,0,271,2.6250411070041086,2019-03-16
86.0,70.35714285714286,15.942857142857141,9.557142857142859,999.9,12.0,5.828571428571429,1.25,0,272,2.5183028049778176,2019-03-23
86.0,72.27142857142857,17.685714285714287,9.828571428571427,999.9,19.0,7.314285714285715,0.65,0,273,2.3899090036769173,2019-03-30
89.1,76.04285714285713,18.4,9.728571428571428,21.0,15.9,7.271428571428572,1.5899999999999999,0,274,2.5596309722028616,2019-04-06
86.0,77.77142857142857,13.8,9.957142857142857,999.9,15.9,8.557142857142855,0.43,0,275,2.620813203249348,2019-04-13
90.0,78.77142857142857,14.642857142857144,9.87142857142857,27.0,19.0,9.4,1.02,0,276,2.478699058079188,2019-04-20
90.0,75.52857142857144,15.999999999999998,10.0,999.9,15.0,6.357142857142857,0.0,0,277,2.322734495966645,2019-04-27
88.0,79.57142857142857,16.45714285714286,9.914285714285715,28.9,20.0,8.928571428571429,0.63,0,278,2.6169872264093206,2019-05-04
91.0,81.35714285714286,14.285714285714288,9.857142857142858,999.9,24.1,6.757142857142857,3.3800000000000003,0,279,2.6186615889738514,2019-05-11
95.0,81.52857142857142,13.528571428571428,9.942857142857141,999.9,15.9,6.5857142857142845,0.8,0,280,2.515972715561882,2019-05-18
90.0,82.0,15.842857142857143,10.0,24.1,18.1,9.285714285714286,0.02,0,281,2.39011810717505,2019-05-25
93.0,82.84285714285714,14.871428571428572,10.0,22.0,18.1,9.27142857142857,0.0,0,282,2.4399255095837273,2019-06-01
96.1,84.44285714285715,13.314285714285713,9.814285714285713,999.9,15.0,5.8428571428571425,2.42,0,283,2.5532034697625012,2019-06-08
93.9,82.07142857142857,15.771428571428572,9.900000000000002,999.9,18.1,3.4285714285714293,3.9799999999999995,0,284,2.6697997637134767,2019-06-15
95.0,82.84285714285714,16.742857142857144,9.728571428571428,999.9,17.1,5.228571428571428,3.9099999999999997,2,285,2.6509403744478965,2019-06-22
98.1,85.52857142857144,16.914285714285715,9.914285714285715,999.9,22.9,5.014285714285714,1.34,6,286,2.495582838257988,2019-06-29
98.1,85.31428571428572,15.828571428571431,9.799999999999999,999.9,17.1,4.942857142857143,2.9699999999999998,3,287,2.5769177648415322,2019-07-06
93.0,83.52857142857142,15.442857142857141,9.742857142857144,999.9,21.0,5.299999999999999,3.76,0,288,2.5832826326601173,2019-07-13
93.0,86.35714285714286,17.61428571428571,9.957142857142857,18.1,14.0,7.842857142857143,0.37,6,289,2.4945505531100265,2019-07-20
102.0,83.37142857142858,16.242857142857144,9.799999999999999,42.0,25.1,4.685714285714286,3.5700000000000003,0,290,2.594505919953309,2019-07-27
93.9,83.77142857142857,14.971428571428573,9.6,999.9,17.1,4.714285714285714,1.92,0,291,2.5972987205624656,2019-08-03
95.0,82.78571428571429,15.157142857142857,9.757142857142856,999.9,17.1,2.5857142857142854,8.79,0,292,2.6909906626319944,2019-08-10
93.9,83.42857142857144,15.12857142857143,9.742857142857142,29.9,17.1,3.6000000000000005,3.47,0,293,2.6368279354845265,2019-08-17
93.0,84.31428571428572,15.442857142857141,9.9,999.9,19.0,5.942857142857142,1.32,0,294,2.579304771468142,2019-08-24
96.1,84.34285714285714,12.557142857142855,9.814285714285715,999.9,15.0,4.700000000000001,1.1600000000000001,0,295,2.6538067928219533,2019-08-31
96.1,85.24285714285715,10.028571428571428,9.757142857142856,27.0,18.1,7.985714285714286,1.4300000000000002,3,296,2.5829844608417063,2019-09-07
93.9,85.11428571428571,14.87142857142857,9.885714285714286,28.9,15.9,8.114285714285714,0.91,7,297,2.539505482817244,2019-09-14
95.0,84.07142857142857,13.071428571428571,9.8,31.1,24.1,8.1,1.19,1,298,2.487892158387118,2019-09-21
91.0,82.54285714285716,12.900000000000002,9.985714285714286,999.9,18.1,8.071428571428571,0.0,0,299,2.3853830470963464,2019-09-28
91.0,83.10000000000001,12.971428571428572,9.914285714285715,26.0,18.1,9.628571428571428,0.51,0,300,2.5114383090563264,2019-10-05
91.0,80.65714285714286,11.928571428571429,9.585714285714285,22.0,15.0,6.385714285714285,2.6,0,301,2.686207247393312,2019-10-12
91.9,82.8,13.328571428571427,9.957142857142857,999.9,14.0,6.714285714285715,0.21000000000000002,0,302,2.5697321295609536,2019-10-19
91.9,83.8,14.128571428571428,9.885714285714286,999.9,22.0,7.614285714285714,0.5800000000000001,0,303,2.6062084850646157,2019-10-26
91.0,83.55714285714285,15.385714285714286,9.985714285714286,999.9,14.0,6.6000000000000005,0.05,0,304,2.571824849143737,2019-11-02
89.1,80.65714285714286,15.657142857142857,9.971428571428572,999.9,15.9,6.3428571428571425,0.33000000000000007,0,305,2.556442639017522,2019-11-09
88.0,76.32857142857142,14.414285714285713,9.685714285714285,999.9,17.1,5.971428571428571,1.12,0,306,2.4462405193821724,2019-11-16
82.9,69.44285714285715,14.714285714285714,9.985714285714286,999.9,12.0,5.2,0.0,0,307,2.2230997940752553,2019-11-23
86.0,73.17142857142858,15.999999999999998,9.785714285714286,999.9,12.0,4.242857142857143,0.16,0,308,2.3854559165543727,2019-11-30
84.9,68.84285714285714,15.785714285714286,9.985714285714286,999.9,15.9,4.8999999999999995,0.13,0,309,2.2117877333287503,2019-12-07
87.1,76.42857142857143,17.185714285714287,9.87142857142857,999.9,17.1,6.671428571428572,0.96,0,310,2.549459565968417,2019-12-14
87.1,73.97142857142858,17.15714285714286,9.414285714285715,31.1,22.9,9.357142857142858,0.62,0,311,2.541888230258684,2019-12-21
82.9,73.57142857142857,13.371428571428572,9.514285714285716,27.0,19.0,9.585714285714285,3.88,0,312,2.5473982447976624,2019-12-28
